"id","white","black","side_to_move","critical_move","fen","eval_before_cp","eval_after_cp","piece_by_piece_chessplainer","explanation_beginner","explanation_intermediate","explanation_advanced"
"1","Robert James Fischer","James T Sherwin","Black","Kxg7","2b2rk1/pr3pPn/1p2p3/8/2pP1B1q/2P5/PPQ2PB1/R3R1K1 b - - 0 23","129","303","Qh4 → -0.435; Qc2 → +0.397; Ra1 → +0.261; Re1 → +0.243; Rb7 → -0.224; Rf8 → -0.208; Bg2 → +0.208; Bc8 → -0.128","White is clearly better here. Material is almost equal, but White has a very dangerous pawn on g7, one step from becoming a queen, and White's queen and rooks are all doing useful work. Black's biggest hope is the active queen on h4, so White should stay alert to her tricks while keeping the g7-pawn protected.","White holds a clear advantage (about +1.3). The far-advanced g7-pawn cramps Black, White's queen on c2 and both rooks are well placed, while Black's counterplay rests almost entirely on the aggressive queen on h4 — the knight on h7 is offside. White's plan is to neutralise the h4-queen's threats and keep g7 as a permanent thorn; Black must generate queen activity before White consolidates.","White is clearly better (~+1.3): the whole white army (Qc2, Ra1, Re1, the g7-pawn) contributes, whereas Black's dynamic potential is concentrated in the h4-queen, with the b7/f8-rooks defensive and the h7-knight entombed. The g7-pawn is the long-term trump that ties Black down. White should defuse the queen's activity — after that, the position plays itself."
"2","Robert James Fischer","James T Sherwin","Black","f5","2b2r2/pr3pkn/1p2p3/7q/2pP1B2/2P1R3/PPQ2PB1/R5K1 b - - 3 25","290","509","Qc2 → +0.420; Qh5 → -0.359; Re3 → +0.272; Ra1 → +0.243; Rf8 → -0.231; Rb7 → -0.203; Bg2 → +0.179; Bf4 → +0.161","White has a large advantage even though material is equal. White's queen and rooks are much more active — one rook has even swung across the third rank — while Black's knight in the corner does nothing and the black king is not very safe. White should keep attacking and bring more pieces toward the black king.","White is clearly on top (about +2.9) with equal material: the queen on c2 and the rook lifted to e3 spearhead an attack, Black's h7-knight is a dead piece and the king on g7 is exposed. Black's queen on h5 is the only active defender. White should open lines against the king; Black must trade queens or free the knight.","White enjoys a large advantage (~+2.9) on pure activity: Qc2 plus the e3 rook-lift against a Black setup whose only working piece is the h5-queen — the h7-knight is out of play and the king lacks cover. White keeps pieces on and intensifies the pressure; exchanging the attackers is Black's only relief and White should not allow it."
"3","Robert James Fischer","James T Sherwin","White","Bxf6","2b2r2/pr2qk2/1p2pn2/4BpQ1/2pP4/2P4R/PP3PB1/R5K1 w - - 8 30","707","584","Qg5 → +0.451; Rh3 → +0.316; Qe7 → -0.304; Be5 → +0.204; Rf8 → -0.200; Ra1 → +0.191; Rb7 → -0.158; Bg2 → +0.157","White is completely winning here. Material is equal, but White's queen and rook are right next to the black king and the strong bishop in the middle of the board joins the attack. White just needs to keep playing accurately to finish the game.","White is winning (about +7): the queen on g5 and the rook on h3 already point at the black king, supported by the powerful e5-bishop, while Black's queen on e7 defends alone. White should add the last attacker and break through; concrete threats flow naturally. Black has no counterplay.","White is winning (~+7): the Qg5/Rh3 battery plus the centralised e5-bishop form a decisive attacking formation against a defence carried by the e7-queen alone. Material is level but every white piece outworks its counterpart. Conversion is technique — keep the initiative and open the king's cover at the right moment."
"4","Robert James Fischer","Bent Larsen","Black","e5","2r3k1/2r1ppb1/3p2P1/pq5p/1p1BP3/1B3P2/PPPQ4/1K1R4 b - - 0 23","144","280","Qd2 → +0.452; Qb5 → -0.369; Rd1 → +0.284; Rc8 → -0.212; Rc7 → -0.205; Bb3 → +0.194; Bg7 → -0.170; Bd4 → +0.159","This is a sharp fight. Black actually has a bit more material, but White is better: White's queen, rook and bishop are perfectly placed for an attack, and White has dangerous advanced pawns — one all the way on e7. White should push the attack; Black will probably have to give material back.","White is clearly better (about +1.4) despite Black's two extra points of material: the Qd2/Rd1 battery with the b3-bishop and the far-advanced e7- and g6-pawns give full compensation, with White's king safe on b1. Black's queen on b5 and doubled c-file rooks must create counterplay fast. White keeps the initiative; Black must return material to survive.","Despite a two-point deficit, White is clearly better (~+1.4): the Qd2/Rd1/Bb3 attacking trio and the e7/g6 passers outweigh the investment, with the b1-king untouchable. Black's activity (Qb5, rooks doubled on the c-file) is real but a tempo short. The battle is dynamics versus material — White must keep generating threats before Black consolidates."
"5","Robert James Fischer","Bent Larsen","Black","Rf6","2r2k2/5rb1/3P4/pq2p2p/1p6/1B2BP2/PPPQ4/1K1R4 b - - 0 27","485","614","Qd2 → +0.458; Qb5 → -0.361; Rd1 → +0.311; Rc8 → -0.201; Rf7 → -0.198; Bb3 → +0.193; Be3 → +0.150; Bg7 → -0.132","White is winning here. Black has a tiny material edge, but White's queen, rook and bishop are aiming at the black king, and the strong pawn on d6 can't be easily stopped. White should keep pushing forward and threatening the black king.","White is winning (about +4.9) despite being nominally a pawn down: the Qd2/Rd1 battery with the b3-bishop and the protected d6-passer are decisive, and White's king is safe on b1. Black's b5-queen provides the only activity. White piles on pressure and advances the passer at the right moment; Black has no adequate defence.","White is winning (~+4.9): the Qd2/Rd1/Bb3 formation plus the d6 passer dominate, and Black's token extra pawn is irrelevant with the b1-king secure. Black's b5-queen and scattered rooks cannot both defend the king and blockade. White converts by combining passer threats with pressure on the king."
"6","Robert James Fischer","Bent Larsen","Black","Qb7","2r2k2/6b1/3P1r2/pq2p1Bp/1p6/1B3P2/PPPQ4/1K1R4 b - - 2 28","634","964","Qd2 → +0.458; Qb5 → -0.373; Rd1 → +0.323; Rf6 → -0.215; Rc8 → -0.197; Bb3 → +0.179; Bg5 → +0.177; Bg7 → -0.118","White is clearly winning. Even though Black has slightly more material, White's queen, rook and bishop dominate and the far-advanced pawn on d6 is a constant threat. White should keep attacking and push that pawn forward.","White is winning (about +6.3): the Qd2/Rd1 battery with the b3-bishop and the d6-passer overwhelm Black, whose f6-rook and b5-queen are stretched between defence and blockade. White keeps improving the attackers and advances the passer when ready. Black is essentially defenceless.","White is winning (~+6.3): the Qd2/Rd1/Bb3 trio plus the d6 passer render Black's nominal material parity meaningless. Black's pieces (Qb5, Rf6, Rc8) are overloaded between king defence and stopping the pawn. With the b1-king safe, White converts at leisure."
"7","Robert James Fischer","Bent Larsen","Black","Bxf6","2r2k2/1q4b1/3P1B2/p3p2p/1p6/1B3P2/PPPQ4/1K1R4 b - - 0 29","1052","99989","Qd2 → +0.460; Qb7 → -0.346; Rd1 → +0.303; Rc8 → -0.200; Bb3 → +0.176; Bg7 → -0.172; Bf6 → +0.081; c2 → +0.066","White is totally winning — ahead by a whole piece with a crushing attack, and the position is essentially decided. White's queen, rook and bishop all point at Black's position while the d6-pawn marches on. White just needs to finish cleanly.","White is completely winning (about +10.5): a clear extra piece, the Qd2/Rd1 battery with the b3-bishop, and the d6-passer. Black's queen on b7 and g7-bishop are spectators to the collapse. The position is essentially over; White presses the attack home.","White is winning by force (~+10.5): up a piece with the Qd2/Rd1/Bb3 formation and a d6 passer — deep analysis already shows a forced mate. Black's Qb7/Rc8/Bg7 cannot coordinate a defence. There is nothing left for Black but the manner of the loss."
"8","Herman Pilnik","Robert James Fischer","White","d6","r5k1/2R2p1p/6p1/3Pp3/6P1/P2b1B2/1r5P/5R1K w - - 3 34","-111","-234","Rb2 → -0.334; Rc7 → +0.317; Ra8 → -0.311; Rf1 → +0.298; Bd3 → -0.198; Bf3 → +0.179; a3 → +0.113; e5 → -0.062","Black is clearly better in this endgame. Black's rook on b2 and bishop on d3 are very active, while White's king is stuck in the corner. White does have real chances too — a rook deep on c7 and a pawn on d5 that could run — so Black must stay accurate while pressing.","Black holds a clear advantage (about -1.1): the b2-rook and d3-bishop dominate and White's king is boxed in on h1, though White's own c7-rook and d5-passer offer genuine counterplay. Black should keep maximum activity, watch the d-pawn, and improve the king. White must generate threats with the seventh-rank rook before Black consolidates.","Black is clearly better (~-1.1): the b2-rook and d3-bishop outgun White's setup, whose assets — the c7-rook and the d5 passer — are the only counterplay while the h1-king spectates. The battle is Black's activity versus White's passer. Black converts by restraining d5 and keeping the rook-and-bishop pressure; careless play lets the c7-rook and pawn become dangerous."
"9","Robert James Fischer","Hector Decio Rossetto","Black","Nb8","3r1rk1/3n3p/pp1p2p1/3Ppp2/BPP5/R4P2/P5PP/2R3K1 b - - 1 24","21","139","Ra3 → +0.347; Rc1 → +0.337; Rd8 → -0.303; Rf8 → -0.303; Ba4 → +0.207; Nd7 → -0.178; b4 → +0.121; a6 → -0.076","The position is roughly equal. Both sides' rooks are active and facing each other, White has a pawn on d5 that could push forward, and Black's pieces are alert enough to hold it. Careful play from both sides should keep the balance.","The position is about level (roughly +0.2): White's rook pair (a3, c1) and light-squared bishop face Black's central rooks, with White's d5-passer balanced by Black's piece activity. Both sides improve — White supports the passer, Black blockades and stays active. Objectively equal.","The evaluation is essentially balanced (~+0.2): White's a3/c1 rooks and a4-bishop versus Black's d8/f8 rooks and d7-knight roughly cancel, with the d5 passer as White's nominal trump. The strategic contest is advance-and-support versus blockade-and-counterplay. Small inaccuracies will decide; the position is equal."
"10","Robert James Fischer","Hector Decio Rossetto","White","h3","2r2n2/1RP3k1/6pp/p3pp2/P7/1B3P2/6PP/6K1 w - - 0 35","433","330","Rc8 → -0.411; Rb7 → +0.370; c7 → +0.222; Bb3 → +0.203; Nf8 → -0.145; a5 → -0.139; a4 → +0.127; f5 → -0.069","White is winning this endgame. White's pawn on c7 is one step from becoming a queen, supported by the rook on b7, and Black's rook and knight are chained to stopping it. White should keep pressing — Black cannot hold forever.","White is winning (about +4.3): the c7-passer, the b7-rook behind it, and the b3-bishop tie Black's c8-rook and f8-knight to pure blockade duty. White improves the king and prepares the breakthrough. Black has no active plan whatsoever.","White is winning (~+4.3): the c7 passer with the b7-rook makes Black's c8-rook the single most burdened piece on the board — it can never leave the blockade — while the f8-knight is equally frozen. White converts via king activation and a second front to overload the defence. Black's pieces have no future."
"11","Robert James Fischer","Hector Decio Rossetto","Black","g5","2r2n2/1RP3k1/6pp/p3pp2/P7/1B3P1P/6P1/6K1 b - - 0 35","330","439","Rc8 → -0.408; Rb7 → +0.373; c7 → +0.206; Bb3 → +0.202; Nf8 → -0.144; a5 → -0.142; a4 → +0.137; f5 → -0.073","White is winning. The pawn on c7 is one step from becoming a queen, helped by the rook on b7, and Black's rook must permanently guard against it. White should keep improving the position and break through.","White is winning (about +3.3): the c7-passer plus the b7-rook and b3-bishop leave Black's c8-rook welded to the blockade and the knight passive. White brings the king up and opens a second front. Black can only wait.","White is winning (~+3.3): the c8-rook is enslaved by the c7 passer while White's b7-rook and b3-bishop dominate. The winning method is standard — king activation plus a second weakness to overload the blockade. Black has zero counterplay."
"12","Robert James Fischer","Hector Decio Rossetto","White","g4","2r2n2/1RP3k1/7p/p3ppp1/P7/1B3P1P/6P1/6K1 w - - 0 36","439","323","Rc8 → -0.409; Rb7 → +0.368; c7 → +0.218; Bb3 → +0.203; Nf8 → -0.153; a5 → -0.150; a4 → +0.132; g2 → +0.056","White is winning. The strong pawn on c7, one step from promotion and supported by the rook, decides the game — Black's pieces can only sit and guard against it. White keeps pressing until the defence cracks.","White is winning (about +4.4): the c7-passer, b7-rook and b3-bishop dominate while Black's c8-rook and f8-knight are frozen in defence. White improves the king and creates a second threat. Black is reduced to waiting.","White is winning (~+4.4): the supported c7 passer immobilises Black's rook and knight, leaving White free to activate the king and stretch the defence with a second front. The conversion is textbook overload. Black lacks any counterplay."
"13","Ratmir Kholmov","Mikhail Tal","White","gxf3","4k2r/Rb3p2/2p1p2p/1q6/2p5/2P2r2/2Q2PPP/5RK1 w k - 0 20","-96","-99995","Qc2 → +0.415; Qb5 → -0.396; Ra7 → +0.303; Rf1 → +0.249; Rh8 → -0.222; Rf3 → -0.187; Bb7 → -0.162; g2 → +0.118","Black is better here, mainly because Black has more material and an active queen on b5. But the position is razor sharp: Black's king is stuck in the middle and White has a rook on the seventh rank right next to it. It's White's move, and White must attack rather than grab material — taking greedily can backfire badly.","Black is better (about -1.0): a clear material lead and the active b5-queen, but White's a7-rook on the seventh and the c2-queen give real compensation against the king stuck on e8. It's White to move, and White must press that king rather than cash in — capturing the f3-rook runs into a decisive counterattack. If Black consolidates and tucks the king away, the material wins.","Black is better (~-1.0): material plus the b5-queen's activity, tempered by White's genuine pressure — the a7-rook and c2-queen bearing on the uncastled e8-king. The position is concrete: White (to move) must keep attacking, since the greedy gxf3 capture loses by force to a mating attack on the freshly opened king. Once Black neutralises the initiative, the material decides."
"14","Mikhail Tal","Leonov","White","Rf4","r1b2qk1/1p2rppn/p3pR1p/3pP2Q/3P4/2PBN2P/PP4P1/R5K1 w - - 6 20","428","231","Qh5 → +0.445; Qf8 → -0.311; Rf6 → +0.267; Ra1 → +0.237; Ra8 → -0.188; Re7 → -0.184; Bd3 → +0.174; Nh7 → -0.128","White is winning. White's queen on h5 and a rook on f6 are right next to the black king, with a knight also joining the attack, while material is equal. White should keep attacking with everything.","White is winning (about +4.3): with equal material, the h5-queen and f6-rook spearhead a direct attack, backed by the h7-knight, while Black's f8-queen defends alone. White adds attackers and opens lines. Black is tied to defence with no counterplay.","White is winning (~+4.3) on a decisive attacking formation — Qh5, the f6-rook, and the h7-knight against a defence resting solely on the f8-queen. Material is level; the attack is the evaluation. White avoids trades that don't progress the attack and brings the a1-rook across to finish."
"15","Mikhail Tal","Leonov","Black","Be8","r4qk1/1p1brppn/p3p2p/3pP2Q/3P1RN1/2PB3P/PP4P1/R5K1 b - - 9 21","240","406","Qh5 → +0.413; Qf8 → -0.372; Rf4 → +0.241; Ra1 → +0.239; Ra8 → -0.236; Ng4 → +0.194; Re7 → -0.181; Bd3 → +0.181","White has a large advantage. White's queen on h5 and rook on f4 are aimed at the black king, with a knight ready to jump in, and material is equal. White should keep building the attack while Black defends.","White is clearly better (about +2.4): the h5-queen, f4-rook and g4-knight form a dangerous attacking cluster against a defence anchored by Black's f8-queen. White reinforces the attack and pries open the king; Black needs exchanges to survive the pressure.","White holds a large advantage (~+2.4) from the Qh5/Rf4/Ng4 attacking build-up versus a lone f8-queen defence — material is level, activity is not. The plan is to bring the a1-rook over and open the king; Black must seek queen exchanges at any structural cost. White keeps the tension."
"16","Mikhail Tal","Leonov","Black","Kxg7","r3bqk1/1pr2pP1/p3p2p/3p3Q/3P1R2/2PB3P/PP4P1/R5K1 b - - 0 24","595","711","Qh5 → +0.392; Qf8 → -0.361; Rf4 → +0.277; Ra8 → -0.224; Rc7 → -0.212; Ra1 → +0.210; Bd3 → +0.095; f7 → +0.084","White is winning. White's queen and rook are attacking the black king, there's a dangerous pawn on g7 one step from becoming a queen, and White is a pawn up as well. Black cannot cope with all the threats at once.","White is winning (about +6): up a pawn, with the h5-queen and f4-rook attacking and the g7-passer a constant promotion threat against Black's f8-queen and passive rooks. White combines the threats to overload the defence. Black is lost.","White is winning (~+6): the Qh5/Rf4 pressure plus the g7 passer create unanswerable dual threats — Black's f8-queen cannot cover the promotion square and the king simultaneously, with the a8/c7-rooks passive. Conversion is a matter of ordering the threats. No counterplay exists."
"17","Mikhail Tal","Shlomo Giterman","White","Bxg7+","5B1k/6bp/p3B1p1/6K1/5PP1/8/P3b2P/8 w - - 9 36","287","108","Bg7 → -0.227; Be6 → +0.226; Bf8 → +0.225; Be2 → -0.212; a2 → +0.147; f4 → +0.137; g4 → +0.133; h7 → -0.125","White has a large advantage in this endgame. White is a pawn up, the king on g5 is very active, and White's two bishops — one even sitting on f8 — outwork Black's pair. White should push forward with king and bishops together.","White is clearly better (about +2.9) in the double-bishop endgame: an extra pawn, the dominant g5-king, and the e6/f8-bishops outclassing Black's g7/e2 pair. White advances with king support and creates a second front. Black can only shuffle and hope for a blockade.","White is clearly better (~+2.9): up a pawn with the king entrenched on g5 and the e6/f8-bishops dominating their g7/e2 counterparts. The plan is king-led expansion and a second weakness; Black's bishops are reduced to passive resistance. Technique converts."
"18","Mikhail Tal","Shlomo Giterman","Black","a4+","8/8/2b5/p3kPp1/6P1/PK6/4B3/8 b - - 33 60","7","123","g5 → -0.274; Be2 → +0.221; Bc6 → -0.203; g4 → +0.180; a3 → +0.106; f5 → +0.099; a5 → -0.073","The endgame is roughly equal. White has an extra pawn, but Black's king is very active in the centre and Black's pawn on g5 holds up White's kingside pawns. Both sides have chances, so careful play is needed.","The position is about level (roughly +0.1): White's extra pawn and e2-bishop are balanced by Black's centralised king and the g5-pawn restraining White's g4/f5 duo. Both sides push their trumps — material versus activity. Accurate play means a draw.","The evaluation is balanced (~+0.1): White's extra pawn and more effective bishop (e2 versus c6) are neutralised by Black's active king and the fixing g5-pawn against g4/f5. The struggle is material versus activity in a bishop ending. With precision, a draw."
"19","Mikhail Tal","Shlomo Giterman","Black","Kf6","8/8/2b5/4kPp1/pK4P1/P7/4B3/8 b - - 1 61","177","437","Be2 → +0.268; g5 → -0.231; g4 → +0.193; Bc6 → -0.178; a3 → +0.159; f5 → +0.114; a4 → -0.037","White has a large advantage in this endgame. White's extra pawn and the advanced f5-pawn are dangerous, the bishop on e2 is doing well, and the king comes to help. White should keep advancing carefully — Black's active king alone can't hold everything.","White is clearly better (about +1.8): the e2-bishop outshines Black's c6-bishop, and the f5/g4 pawns (against Black's lone g5) are ready to roll with king support. White advances the kingside majority; Black must blockade with king and bishop. White is on top.","White is clearly better (~+1.8): the superior e2-bishop and the f5/g4 spearhead against Black's g5-pawn give a mobile majority that Black's centralised king can only partly restrain. White advances under king escort and stretches the defence. Careful technique wins."
"20","Vladimir Sergeevich Saigin","Mikhail Tal","White","Qc6","6k1/2qnrp1p/bn1p2p1/1Q1P4/r1p1P3/1pP1B2P/3NBPP1/R4RK1 w - - 5 32","67","-58","Qb5 → +0.396; Qc7 → -0.336; Ra1 → +0.238; Rf1 → +0.217; Ra4 → -0.209; Re7 → -0.202; Nb6 → -0.180; Nd7 → -0.152","White is slightly better here. Material is equal and the position is complicated: White's queen on b5 is the strongest piece on the board but also a little exposed, and both sides' rooks are ready for action. White should coordinate the pieces and keep the queen safe.","White has a slight edge (about +0.7): level material, with the b5-queen actively placed but a touch loose against Black's c7-queen and the a4-rook nibbling at the queenside. White should consolidate the queen and connect the rooks before pressing. Black has enough activity to keep it close.","White holds a slight edge (~+0.7): the b5-queen is White's most influential piece but also the position's main tactical liability, with Black's Qc7/Ra4 generating counterplay. White consolidates the queen, coordinates the a1/f1-rooks, and only then presses. Accuracy outweighs the small number."
"21","Vladimir Sergeevich Saigin","Mikhail Tal","White","Bd4","6k1/4rp1p/2Pp2p1/8/n1N1P3/1pn1B2P/5PP1/R5K1 w - - 2 38","86","-52","Re7 → -0.382; Ra1 → +0.326; Nc3 → -0.214; c6 → +0.199; Nc4 → +0.181; Na4 → -0.180; b3 → -0.165; Be3 → +0.161","White is slightly better in this endgame. Black's rook on e7 is active, but White's own rook, the advanced pawn on c6 and the good knight on c4 give White a small pull. White should support the advanced pawn and keep everything protected.","White has a slight edge (about +0.9): the c6-passer and c4-knight versus Black's active e7-rook and c3/a4-knights make a tense endgame. White supports the passer with the a1-rook and improves step by step; Black seeks counterplay against White's loose pawns. Close, but easier for White.","White holds a slight edge (~+0.9): the c6 passer and c4-knight anchor White's play, while Black's e7-rook — the most active black piece — and the c3/a4-knights probe for counterplay. White's task is coordination around the passer; Black's is to harass before it advances. Near-balanced, White more comfortable."
"22","Mikhail Tal","Janis Visockis","White","Nd5","r1n1b1k1/p1q3bp/2pn1r2/2B1p1p1/4Pp2/1NNQ1P2/PP2B1PP/1K1R3R w - - 6 21","168","-21","Qd3 → +0.424; Qc7 → -0.388; Rf6 → -0.244; Rd1 → +0.221; Ra8 → -0.217; Rh1 → +0.186; Be8 → -0.159; Bc5 → +0.127","White is clearly better. With equal material, White's queen on d3 and rook on d1 control the middle of the board, and one knight has even jumped deep into Black's camp. White should keep the pieces active and increase the pressure.","White is clearly better (about +1.7): equal material but superior coordination — the Qd3/Rd1 central battery and the infiltrated c8-knight against Black's c7-queen and f6-rook. White keeps the initiative and opens lines; Black must untangle before the pressure becomes decisive.","White is clearly better (~+1.7): the Qd3/Rd1 central pressure plus the c8-infiltrator define a marked activity imbalance, with Black's Qc7/Rf6 stretched. White converts activity into concrete threats and keeps Black tied down; sharp play suits the position. Black's defence is difficult."
"23","Mikhail Tal","Janis Visockis","Black","Bxa8","Q1n3k1/2q2nbp/1pb2r2/4p1p1/4Pp2/1N3P2/PP2B1PP/1KR4R b - - 1 25","-82","57","Qc7 → -0.352; Qa8 → +0.335; Rc1 → +0.296; Bc6 → -0.274; Rf6 → -0.248; Rh1 → +0.215; Bg7 → -0.134; Be2 → +0.127","Black is a little better. White's queen has wandered into the corner on a8 and looks awkward, while Black's queen, bishop and rook work well together. The position is tricky though — Black should keep improving calmly instead of rushing to trap the queen.","Black is slightly better (about -0.8): White's a8-queen is offside while Black's Qc7, c6-bishop and f6-rook coordinate well; White's c1/h1-rooks still have to justify the queen's excursion. It's sharp — Black should improve and keep control rather than grab, since the queen-winning capture has tactical strings attached. A small, real edge.","Black holds a slight edge (~-0.8): the a8-queen is misplaced even though it remains White's most valuable unit, and Black's Qc7/Bc6/Rf6 trio coordinates against it. The position is concrete — the tempting capture to win the queen rebounds tactically and shouldn't be automatic. Black keeps improving and leaves the offside queen as White's ongoing problem."
"24","Mikhail Tal","Janis Visockis","White","axb5","b4b2/2R2n1p/5k2/1p2p1p1/P3Pp2/5P2/1P1N2PP/1K6 w - - 0 34","405","296","Rc7 → +0.423; Ba8 → -0.241; Bf8 → -0.204; Nf7 → -0.190; Nd2 → +0.176; a4 → +0.149; f4 → -0.138; g2 → +0.098","White is winning this endgame. White's rook has broken through to c7, deep in Black's position, there's a dangerous pawn on b6 pushing toward promotion, and Black's two bishops sit passively in the corners. White should push the pawn and let the rook dominate.","White is winning (about +4): the seventh-rank rook on c7 is the dominant piece, teaming up with the b6-passer and the d2-knight, while Black's a8/f8-bishops and f7-knight stay passive despite the nominal bishop pair. White advances the passer and harvests weaknesses. Black is stretched far too thin.","White is winning (~+4): the c7-rook rules the seventh and, with the b6 passer, paralyses Black's uncoordinated a8/f8-bishops and f7-knight — a rook-versus-minor-pieces imbalance where the rook's activity decides. White pushes the passer while creating a second front. Black has no counterplay."
"25","Mikhail Tal","Janis Visockis","Black","Ne6","8/7p/RP3k2/2b1p1n1/2N1Pp2/8/1P5P/1K6 b - - 2 40","547","852","Ra6 → +0.437; b6 → +0.240; Nc4 → +0.192; Bc5 → -0.175; f4 → -0.161; Ng5 → -0.115; h7 → -0.102; b2 → +0.099","White is winning. White is ahead by about a piece in material, the rook on a6 is superbly active, and the pawn on b6 is pushing toward promotion. White should advance that pawn and trade pieces to simplify the win.","White is winning (about +5.5): up a piece's worth of material with the dominant a6-rook, the b6-passer and the c4-knight against Black's c5-bishop and g5-knight. White advances the passer and simplifies. Black has no counterplay.","White is winning (~+5.5): a clear material edge spearheaded by the a6-rook and b6 passer, with the c4-knight supporting; Black's Bc5/Ng5 cannot both blockade and create threats. Technique: push the passer, trade down, avoid tricks. Black is lost."
