id,label,square,piece,shap_win,shap_loss
1,Qh4,h4,♛,-0.435,0.4352687171661698
1,Qc2,c2,♕,0.397,-0.39653779837759395
1,Ra1,a1,♖,0.261,-0.2605806180391278
1,Re1,e1,♖,0.243,-0.24256755585162892
1,Rb7,b7,♜,-0.224,0.22351907466790796
1,Rf8,f8,♜,-0.208,0.20763089743802735
1,Bg2,g2,♗,0.208,-0.2080262891203932
1,Bc8,c8,♝,-0.128,0.12788427043902212
1,Bf4,f4,♗,0.125,-0.12485730653873572
1,Nh7,h7,♞,-0.105,0.10526660821635231
1,a2,a2,♙,0.0,0.0
1,b2,b2,♙,0.0,0.0
1,f2,f2,♙,0.0,0.0
1,b6,b6,♟,0.0,0.0
1,d4,d4,♙,0.0,0.0
1,c3,c3,♙,0.0,0.0
1,c4,c4,♟,0.0,0.0
1,f7,f7,♟,0.0,0.0
1,a7,a7,♟,0.0,0.0
1,e6,e6,♟,0.0,0.0
1,g7,g7,♙,0.0,0.0
2,Qc2,c2,♕,0.42,-0.41988117787561696
2,Qh5,h5,♛,-0.359,0.3590760533558699
2,Re3,e3,♖,0.272,-0.27156003720645644
2,Ra1,a1,♖,0.243,-0.2427658228331745
2,Rf8,f8,♜,-0.231,0.23098998715413163
2,Rb7,b7,♜,-0.203,0.20259725878802898
2,Bg2,g2,♗,0.179,-0.17895879662085235
2,Bf4,f4,♗,0.161,-0.16101366913472914
2,Bc8,c8,♝,-0.125,0.12534719845954773
2,Nh7,h7,♞,-0.11,0.11016900591325118
2,b2,b2,♙,0.0,0.0
2,a2,a2,♙,0.0,0.0
2,c4,c4,♟,0.0,0.0
2,d4,d4,♙,0.0,0.0
2,f2,f2,♙,0.0,0.0
2,c3,c3,♙,0.0,0.0
2,a7,a7,♟,0.0,0.0
2,e6,e6,♟,0.0,0.0
2,b6,b6,♟,0.0,0.0
2,f7,f7,♟,0.0,0.0
3,Qg5,g5,♕,0.451,-0.45062963999450517
3,Rh3,h3,♖,0.316,-0.31550632364346975
3,Qe7,e7,♛,-0.304,0.30382535000251626
3,Be5,e5,♗,0.204,-0.20367811449975481
3,Rf8,f8,♜,-0.2,0.19993090341911215
3,Ra1,a1,♖,0.191,-0.19108263545899865
3,Rb7,b7,♜,-0.158,0.15832108206311385
3,Bg2,g2,♗,0.157,-0.156522673816376
3,Nf6,f6,♞,-0.139,0.13932503021476808
3,Bc8,c8,♝,-0.094,0.0940170217135941
3,a2,a2,♙,0.0,0.0
3,b2,b2,♙,0.0,0.0
3,f2,f2,♙,0.0,0.0
3,d4,d4,♙,0.0,0.0
3,c3,c3,♙,0.0,0.0
3,c4,c4,♟,0.0,0.0
3,f5,f5,♟,0.0,0.0
3,a7,a7,♟,0.0,0.0
3,b6,b6,♟,0.0,0.0
3,e6,e6,♟,0.0,0.0
4,Qd2,d2,♕,0.452,-0.4523341594657449
4,Qb5,b5,♛,-0.369,0.3691077861625724
4,Rd1,d1,♖,0.284,-0.2841964496949034
4,Rc8,c8,♜,-0.212,0.21245960190713625
4,Rc7,c7,♜,-0.205,0.20529755548372136
4,Bb3,b3,♗,0.194,-0.1944742526885878
4,Bg7,g7,♝,-0.17,0.1699396473960681
4,Bd4,d4,♗,0.159,-0.15880635918881664
4,c2,c2,♙,0.106,-0.10577337940741861
4,h5,h5,♟,-0.105,0.10478000949597321
4,b2,b2,♙,0.0,0.0
4,a2,a2,♙,0.0,0.0
4,a5,a5,♟,0.0,0.0
4,e4,e4,♙,0.0,0.0
4,f3,f3,♙,0.0,0.0
4,b4,b4,♟,0.0,0.0
4,g6,g6,♙,0.0,0.0
4,d6,d6,♟,0.0,0.0
4,f7,f7,♟,0.0,0.0
4,e7,e7,♟,0.0,0.0
5,Qd2,d2,♕,0.458,-0.45755507840566567
5,Qb5,b5,♛,-0.361,0.36110651772582114
5,Rd1,d1,♖,0.311,-0.3105096035951888
5,Rc8,c8,♜,-0.201,0.20147561740219241
5,Rf7,f7,♜,-0.198,0.1981493809473676
5,Bb3,b3,♗,0.193,-0.19271351280237212
5,Be3,e3,♗,0.15,-0.1503763230556314
5,Bg7,g7,♝,-0.132,0.1323832162174441
5,b2,b2,♙,0.07,-0.06978896044247711
5,c2,c2,♙,0.062,-0.06217125399149004
5,b4,b4,♟,0.0,0.0
5,a2,a2,♙,0.0,0.0
5,f3,f3,♙,0.0,0.0
5,h5,h5,♟,0.0,0.0
5,e5,e5,♟,0.0,0.0
5,a5,a5,♟,0.0,0.0
5,d6,d6,♙,0.0,0.0
6,Qd2,d2,♕,0.458,-0.4580483313869256
6,Qb5,b5,♛,-0.373,0.3731887051295136
6,Rd1,d1,♖,0.323,-0.32334046310046227
6,Rf6,f6,♜,-0.215,0.21542003624380548
6,Rc8,c8,♜,-0.197,0.19747269433331857
6,Bb3,b3,♗,0.179,-0.1788636783662177
6,Bg5,g5,♗,0.177,-0.17669360064797476
6,Bg7,g7,♝,-0.118,0.11830341499153418
6,d6,d6,♙,0.089,-0.08912174724589142
6,b2,b2,♙,0.07,-0.0703170299507001
6,a5,a5,♟,0.0,0.0
6,f3,f3,♙,0.0,0.0
6,c2,c2,♙,0.0,0.0
6,a2,a2,♙,0.0,0.0
6,b4,b4,♟,0.0,0.0
6,h5,h5,♟,0.0,0.0
6,e5,e5,♟,0.0,0.0
7,Qd2,d2,♕,0.46,-0.4595313580322613
7,Qb7,b7,♛,-0.346,0.3457317638955142
7,Rd1,d1,♖,0.303,-0.30309410977247686
7,Rc8,c8,♜,-0.2,0.20016695133253204
7,Bb3,b3,♗,0.176,-0.17551065079526249
7,Bg7,g7,♝,-0.172,0.17160521428234785
7,Bf6,f6,♗,0.081,-0.08097825999537486
7,c2,c2,♙,0.066,-0.06612039181315447
7,b2,b2,♙,0.061,-0.061211116437319135
7,d6,d6,♙,0.054,-0.05405804266454491
7,a2,a2,♙,0.0,0.0
7,f3,f3,♙,0.0,0.0
7,b4,b4,♟,0.0,0.0
7,h5,h5,♟,0.0,0.0
7,a5,a5,♟,0.0,0.0
7,e5,e5,♟,0.0,0.0
8,Rb2,b2,♜,-0.334,0.333941622286377
8,Rc7,c7,♖,0.317,-0.31728878850292186
8,Ra8,a8,♜,-0.311,0.31057369325015954
8,Rf1,f1,♖,0.298,-0.29835095557128627
8,Bd3,d3,♝,-0.198,0.19766617986021323
8,Bf3,f3,♗,0.179,-0.17883014481583914
8,a3,a3,♙,0.113,-0.11338289052895233
8,e5,e5,♟,-0.062,0.061870085631588016
8,f7,f7,♟,-0.062,0.06160957122212824
8,g6,g6,♟,-0.049,0.04919162716853347
8,h2,h2,♙,0.0,0.0
8,d5,d5,♙,0.0,0.0
8,g4,g4,♙,0.0,0.0
8,h7,h7,♟,0.0,0.0
9,Ra3,a3,♖,0.347,-0.34715948407958525
9,Rc1,c1,♖,0.337,-0.3369674914029382
9,Rd8,d8,♜,-0.303,0.3027520490330875
9,Rf8,f8,♜,-0.303,0.30272353576605926
9,Ba4,a4,♗,0.207,-0.20745206060121116
9,Nd7,d7,♞,-0.178,0.17827410382705822
9,b4,b4,♙,0.121,-0.12052230053676687
9,a6,a6,♟,-0.076,0.07621117270186367
9,b6,b6,♟,-0.07,0.06960678069486209
9,d6,d6,♟,-0.066,0.06553369459757069
9,a2,a2,♙,0.0,0.0
9,g2,g2,♙,0.0,0.0
9,h2,h2,♙,0.0,0.0
9,f5,f5,♟,0.0,0.0
9,d5,d5,♙,0.0,0.0
9,c4,c4,♙,0.0,0.0
9,f3,f3,♙,0.0,0.0
9,e5,e5,♟,0.0,0.0
9,g6,g6,♟,0.0,0.0
9,h7,h7,♟,0.0,0.0
10,Rc8,c8,♜,-0.411,0.4112088395382075
10,Rb7,b7,♖,0.37,-0.36969800414095827
10,c7,c7,♙,0.222,-0.22249077016578575
10,Bb3,b3,♗,0.203,-0.20317892511546318
10,Nf8,f8,♞,-0.145,0.14480624139822298
10,a5,a5,♟,-0.139,0.1392801464762337
10,a4,a4,♙,0.127,-0.12678724031393293
10,f5,f5,♟,-0.069,0.06929612878041297
10,g2,g2,♙,0.059,-0.05882802668844958
10,f3,f3,♙,0.058,-0.05760838976848743
10,h2,h2,♙,0.0,0.0
10,h6,h6,♟,0.0,0.0
10,e5,e5,♟,0.0,0.0
10,g6,g6,♟,0.0,0.0
11,Rc8,c8,♜,-0.408,0.40836740260850213
11,Rb7,b7,♖,0.373,-0.37264935844021657
11,c7,c7,♙,0.206,-0.20643166557424983
11,Bb3,b3,♗,0.202,-0.20172953701084895
11,Nf8,f8,♞,-0.144,0.14373119580712754
11,a5,a5,♟,-0.142,0.14204800678986673
11,a4,a4,♙,0.137,-0.1371016847782514
11,f5,f5,♟,-0.073,0.07295788338863882
11,g2,g2,♙,0.063,-0.06298015985903702
11,f3,f3,♙,0.049,-0.049212082931531426
11,h3,h3,♙,0.0,0.0
11,h6,h6,♟,0.0,0.0
11,e5,e5,♟,0.0,0.0
11,g6,g6,♟,0.0,0.0
12,Rc8,c8,♜,-0.409,0.4091667639278271
12,Rb7,b7,♖,0.368,-0.367953738920235
12,c7,c7,♙,0.218,-0.2182482804821313
12,Bb3,b3,♗,0.203,-0.20252927717486882
12,Nf8,f8,♞,-0.153,0.15290692772943676
12,a5,a5,♟,-0.15,0.1503572081336136
12,a4,a4,♙,0.132,-0.131720891490609
12,g2,g2,♙,0.056,-0.05583109319245856
12,f3,f3,♙,0.042,-0.04222206598287028
12,h3,h3,♙,0.034,-0.03392555254770452
12,h6,h6,♟,0.0,0.0
12,g5,g5,♟,0.0,0.0
12,f5,f5,♟,0.0,0.0
12,e5,e5,♟,0.0,0.0
13,Qc2,c2,♕,0.415,-0.41527246367099335
13,Qb5,b5,♛,-0.396,0.3964934717460297
13,Ra7,a7,♖,0.303,-0.3030429061535142
13,Rf1,f1,♖,0.249,-0.24851354454208427
13,Rh8,h8,♜,-0.222,0.22220536552447567
13,Rf3,f3,♜,-0.187,0.18719976815035452
13,Bb7,b7,♝,-0.162,0.16193792975202306
13,g2,g2,♙,0.118,-0.11843633837236897
13,f7,f7,♟,-0.102,0.10238868888059802
13,e6,e6,♟,-0.1,0.10004002868547976
13,h2,h2,♙,0.0,0.0
13,f2,f2,♙,0.0,0.0
13,c4,c4,♟,0.0,0.0
13,c3,c3,♙,0.0,0.0
13,h6,h6,♟,0.0,0.0
13,c6,c6,♟,0.0,0.0
14,Qh5,h5,♕,0.445,-0.4445996287926486
14,Qf8,f8,♛,-0.311,0.31052081746521915
14,Rf6,f6,♖,0.267,-0.2665811911714689
14,Ra1,a1,♖,0.237,-0.2374477438722301
14,Ra8,a8,♜,-0.188,0.18829222265374207
14,Re7,e7,♜,-0.184,0.18376994347762998
14,Bd3,d3,♗,0.174,-0.17382986111484786
14,Nh7,h7,♞,-0.128,0.1280893533552724
14,h6,h6,♟,-0.112,0.11165334893429929
14,Ne3,e3,♘,0.111,-0.11086726093496747
14,h3,h3,♙,0.0,0.0
14,g2,g2,♙,0.0,0.0
14,a2,a2,♙,0.0,0.0
14,c3,c3,♙,0.0,0.0
14,b2,b2,♙,0.0,0.0
14,d4,d4,♙,0.0,0.0
14,a6,a6,♟,0.0,0.0
14,e6,e6,♟,0.0,0.0
14,d5,d5,♟,0.0,0.0
14,e5,e5,♙,0.0,0.0
14,g7,g7,♟,0.0,0.0
14,f7,f7,♟,0.0,0.0
14,b7,b7,♟,0.0,0.0
14,Bc8,c8,♝,0.0,0.0
15,Qh5,h5,♕,0.413,-0.4130191247476893
15,Qf8,f8,♛,-0.372,0.3722472799803086
15,Rf4,f4,♖,0.241,-0.24111616660618881
15,Ra1,a1,♖,0.239,-0.23875494374834721
15,Ra8,a8,♜,-0.236,0.23562249054312143
15,Ng4,g4,♘,0.194,-0.19392452656590334
15,Re7,e7,♜,-0.181,0.1805606825952651
15,Bd3,d3,♗,0.181,-0.18134728349282958
15,Bd7,d7,♝,-0.119,0.11851138784517781
15,Nh7,h7,♞,-0.119,0.11922020419708523
15,d4,d4,♙,0.0,0.0
15,h3,h3,♙,0.0,0.0
15,a2,a2,♙,0.0,0.0
15,b2,b2,♙,0.0,0.0
15,c3,c3,♙,0.0,0.0
15,g2,g2,♙,0.0,0.0
15,h6,h6,♟,0.0,0.0
15,e6,e6,♟,0.0,0.0
15,a6,a6,♟,0.0,0.0
15,e5,e5,♙,0.0,0.0
15,d5,d5,♟,0.0,0.0
15,b7,b7,♟,0.0,0.0
15,f7,f7,♟,0.0,0.0
15,g7,g7,♟,0.0,0.0
16,Qh5,h5,♕,0.392,-0.39193517932246924
16,Qf8,f8,♛,-0.361,0.36063752346697053
16,Rf4,f4,♖,0.277,-0.2772231877313469
16,Ra8,a8,♜,-0.224,0.2237928085020913
16,Rc7,c7,♜,-0.212,0.21245056427717818
16,Ra1,a1,♖,0.21,-0.210251577350541
16,Bd3,d3,♗,0.095,-0.09519900774484037
16,f7,f7,♟,0.084,-0.08421462772563748
16,g2,g2,♙,0.075,-0.07536419002710251
16,g7,g7,♙,0.064,-0.06369312634430246
16,c3,c3,♙,0.0,0.0
16,a2,a2,♙,0.0,0.0
16,b2,b2,♙,0.0,0.0
16,e6,e6,♟,0.0,0.0
16,a6,a6,♟,0.0,0.0
16,d5,d5,♟,0.0,0.0
16,d4,d4,♙,0.0,0.0
16,h3,h3,♙,0.0,0.0
16,b7,b7,♟,0.0,0.0
16,h6,h6,♟,0.0,0.0
16,Be8,e8,♝,0.0,0.0
17,Bg7,g7,♝,-0.227,0.2268109523809508
17,Be6,e6,♗,0.226,-0.22596761904761797
17,Bf8,f8,♗,0.225,-0.2250453968253957
17,Be2,e2,♝,-0.212,0.21165936507936312
17,a2,a2,♙,0.147,-0.14686761904761775
17,f4,f4,♙,0.137,-0.13655174603174508
17,g4,g4,♙,0.133,-0.13260888888888772
17,h7,h7,♟,-0.125,0.12471253968253884
17,a6,a6,♟,-0.113,0.11268793650793538
17,h2,h2,♙,0.055,-0.054829523809523856
17,g6,g6,♟,0.0,0.0
18,g5,g5,♟,-0.274,0.27413809523809507
18,Be2,e2,♗,0.221,-0.22077857142857127
18,Bc6,c6,♝,-0.203,0.2030547619047619
18,g4,g4,♙,0.18,-0.18031190476190478
18,a3,a3,♙,0.106,-0.10581190476190472
18,f5,f5,♙,0.099,-0.0986619047619048
18,a5,a5,♟,-0.073,0.07337142857142859
19,Be2,e2,♗,0.268,-0.2681357142857144
19,g5,g5,♟,-0.231,0.23126428571428578
19,g4,g4,♙,0.193,-0.19288571428571438
19,Bc6,c6,♝,-0.178,0.17801428571428574
19,a3,a3,♙,0.159,-0.15875238095238092
19,f5,f5,♙,0.114,-0.11423571428571432
19,a4,a4,♟,-0.037,0.03673095238095242
20,Qb5,b5,♕,0.396,-0.3957982170986319
20,Qc7,c7,♛,-0.336,0.3362700521978527
20,Ra1,a1,♖,0.238,-0.23818135076788277
20,Rf1,f1,♖,0.217,-0.21724862304157957
20,Ra4,a4,♜,-0.209,0.20921574767837867
20,Re7,e7,♜,-0.202,0.20167833361938417
20,Nb6,b6,♞,-0.18,0.17956681946695843
20,Nd7,d7,♞,-0.152,0.15154475571086268
20,Be3,e3,♗,0.15,-0.15024373485320272
20,Nd2,d2,♘,0.123,-0.1228037829121397
20,c3,c3,♙,0.0,0.0
20,f2,f2,♙,0.0,0.0
20,Be2,e2,♗,0.0,0.0
20,b3,b3,♟,0.0,0.0
20,g2,g2,♙,0.0,0.0
20,h3,h3,♙,0.0,0.0
20,Ba6,a6,♝,0.0,0.0
20,d5,d5,♙,0.0,0.0
20,e4,e4,♙,0.0,0.0
20,c4,c4,♟,0.0,0.0
20,g6,g6,♟,0.0,0.0
20,d6,d6,♟,0.0,0.0
20,f7,f7,♟,0.0,0.0
20,h7,h7,♟,0.0,0.0
21,Re7,e7,♜,-0.382,0.38192350487088567
21,Ra1,a1,♖,0.326,-0.3255851514044707
21,Nc3,c3,♞,-0.214,0.2140280474976917
21,c6,c6,♙,0.199,-0.19859238866293022
21,Nc4,c4,♘,0.181,-0.1805564246930503
21,Na4,a4,♞,-0.18,0.1797905452273058
21,b3,b3,♟,-0.165,0.16470972115845292
21,Be3,e3,♗,0.161,-0.16133737797793415
21,f2,f2,♙,0.067,-0.06733680645403563
21,g2,g2,♙,0.054,-0.05404366956191507
21,h3,h3,♙,0.0,0.0
21,e4,e4,♙,0.0,0.0
21,d6,d6,♟,0.0,0.0
21,g6,g6,♟,0.0,0.0
21,f7,f7,♟,0.0,0.0
21,h7,h7,♟,0.0,0.0
22,Qd3,d3,♕,0.424,-0.4244873128657013
22,Qc7,c7,♛,-0.388,0.38804239842123806
22,Rf6,f6,♜,-0.244,0.2435390945620999
22,Rd1,d1,♖,0.221,-0.22109529954323184
22,Ra8,a8,♜,-0.217,0.2166953673669237
22,Rh1,h1,♖,0.186,-0.18646756311412022
22,Be8,e8,♝,-0.159,0.15907956708838739
22,Bc5,c5,♗,0.127,-0.1272824947594311
22,Be2,e2,♗,0.109,-0.10886274651135186
22,Nb3,b3,♘,0.103,-0.10316101064481269
22,Nc3,c3,♘,0.0,0.0
22,h2,h2,♙,0.0,0.0
22,b2,b2,♙,0.0,0.0
22,g2,g2,♙,0.0,0.0
22,a2,a2,♙,0.0,0.0
22,f3,f3,♙,0.0,0.0
22,e4,e4,♙,0.0,0.0
22,f4,f4,♟,0.0,0.0
22,Nd6,d6,♞,0.0,0.0
22,c6,c6,♟,0.0,0.0
22,g5,g5,♟,0.0,0.0
22,e5,e5,♟,0.0,0.0
22,Bg7,g7,♝,0.0,0.0
22,a7,a7,♟,0.0,0.0
22,h7,h7,♟,0.0,0.0
22,Nc8,c8,♞,0.0,0.0
23,Qc7,c7,♛,-0.352,0.35242862145386417
23,Qa8,a8,♕,0.335,-0.3354331904879655
23,Rc1,c1,♖,0.296,-0.2959443922617318
23,Bc6,c6,♝,-0.274,0.2743014675535124
23,Rf6,f6,♜,-0.248,0.24787388072030175
23,Rh1,h1,♖,0.215,-0.21460392761205876
23,Bg7,g7,♝,-0.134,0.13422320085782266
23,Be2,e2,♗,0.127,-0.12672182449480904
23,Nb3,b3,♘,0.122,-0.12249823556238014
23,Nf7,f7,♞,-0.115,0.11537439983344426
23,g2,g2,♙,0.0,0.0
23,b2,b2,♙,0.0,0.0
23,a2,a2,♙,0.0,0.0
23,h2,h2,♙,0.0,0.0
23,b6,b6,♟,0.0,0.0
23,g5,g5,♟,0.0,0.0
23,e5,e5,♟,0.0,0.0
23,f4,f4,♟,0.0,0.0
23,e4,e4,♙,0.0,0.0
23,f3,f3,♙,0.0,0.0
23,h7,h7,♟,0.0,0.0
23,Nc8,c8,♞,0.0,0.0
24,Rc7,c7,♖,0.423,-0.4225540918428629
24,Ba8,a8,♝,-0.241,0.24058926180691906
24,Bf8,f8,♝,-0.204,0.20401185479163142
24,Nf7,f7,♞,-0.19,0.19002944069078803
24,Nd2,d2,♘,0.176,-0.1764350800850142
24,a4,a4,♙,0.149,-0.1493417740138714
24,f4,f4,♟,-0.138,0.138138391707087
24,g2,g2,♙,0.098,-0.09809091848848174
24,f3,f3,♙,0.087,-0.0874680068700304
24,b2,b2,♙,0.08,-0.07987907769616485
24,e4,e4,♙,0.0,0.0
24,h2,h2,♙,0.0,0.0
24,g5,g5,♟,0.0,0.0
24,e5,e5,♟,0.0,0.0
24,b5,b5,♟,0.0,0.0
24,h7,h7,♟,0.0,0.0
25,Ra6,a6,♖,0.437,-0.4366840079365048
25,b6,b6,♙,0.24,-0.2401205158730157
25,Nc4,c4,♘,0.192,-0.1919788492063478
25,Bc5,c5,♝,-0.175,0.17498742063492
25,f4,f4,♟,-0.161,0.16068623015872857
25,Ng5,g5,♞,-0.115,0.11457432539682441
25,h7,h7,♟,-0.102,0.10182591269841178
25,b2,b2,♙,0.099,-0.09926654761904709
25,e5,e5,♟,-0.09,0.08991559523809435
25,h2,h2,♙,0.056,-0.05593956349206386
25,e4,e4,♙,0.0,0.0
