"id","white","black","event","date","side_to_move","critical_move","fen","eval_before_cp","eval_verbal","eval_after_cp","eval_change_cp","piece_by_piece","beginner_u1400","intermediate_1400_2200","advanced_2200plus"
"1","Robert James Fischer","James T Sherwin","New Jersey Open","1957.09.02","Black","Kxg7","2b2rk1/pr3pPn/1p2p3/8/2pP1B1q/2P5/PPQ2PB1/R3R1K1 b - - 0 23","129","clear advantage for White","303","174","g7 → +0.50; Nh7 → +0.40; Kg8 → -0.30; Kg1 → +0.30; d4 → +0.20; Bc8 → +0.10; f7 → -0.10; Bf4 → +0.10","White is clearly better here. The material is almost equal, but White has a very dangerous pawn on g7 that is just one step away from becoming a queen, and Black's pieces are tied up dealing with it. White should keep the pressure on and protect that advanced pawn.","White holds a clear advantage (about +1.3). Material is nearly level, but the far-advanced g7-pawn is a huge trump that cramps Black and threatens to promote, while Black's knight on h7 is badly offside. White's plan is to bring more force to the kingside and keep g7 as a permanent thorn; Black must stay busy defending rather than counterattacking.","White is clearly better (~+1.3), the g7-pawn functioning as a long-term structural asset that ties Black to passive defence and distorts effective piece activity. Black's h7-knight is entombed and the king lacks a clean shelter, so the near-parity in material is illusory. White should improve the attackers around the enemy king rather than rush the promotion, keeping g7 as a standing threat."
"2","Robert James Fischer","James T Sherwin","New Jersey Open","1957.09.02","Black","f5","2b2r2/pr3pkn/1p2p3/7q/2pP1B2/2P1R3/PPQ2PB1/R5K1 b - - 3 25","290","large advantage for White","509","219","Nh7 → +0.40; Kg1 → +0.30; Kg7 → -0.20; d4 → +0.20; Bc8 → +0.10; f7 → -0.10; Bf4 → +0.10; c4 → -0.10","White has a large advantage even though both sides have the same amount of material. Black's pieces are badly placed — the knight in the corner does nothing — and the black king is not very safe. White should keep attacking and bring more pieces toward the black king.","White is clearly winning territory here (about +2.9) despite equal material: Black's knight on h7 is a dead piece and the king on g7 is exposed, so White's forces are far more active. The plan is to open lines and build up against the loosely-defended king. Black has little counterplay and must try to trade attackers or free the knight.","White enjoys a large advantage (~+2.9) rooted in an activity imbalance rather than material: the h7-knight is out of play and the king lacks cover, so White is effectively a piece up in the decisive sector. White should keep pieces on and intensify the pressure on the king, avoiding simplifications that relieve Black. Reactivating the knight or exchanging White's key attacker in time is very hard for Black."
"3","Robert James Fischer","James T Sherwin","New Jersey Open","1957.09.02","White","Bxf6","2b2r2/pr2qk2/1p2pn2/4BpQ1/2pP4/2P4R/PP3PB1/R5K1 w - - 8 30","707","White is winning","584","-123","Kg1 → +0.30; d4 → +0.20; Bc8 → +0.10; Nf6 → -0.10; Be5 → +0.10; c4 → -0.10; c3 → -0.10; f2 → +0.10","White is completely winning here. The material is equal, but White's pieces are far more powerful and better placed, dominating the board while Black's just sit there. White should keep playing carefully and turn this into a win.","White is winning (about +7): material is level, but White's pieces — above all the strong bishop on e5 — completely dominate while Black is passive and tied up. White should bring the last pieces into play and increase the pressure; concrete threats flow naturally from the superior activity. Black has no counterplay.","White is winning (~+7) on overwhelming activity and coordination: the centralised e5-bishop and harmonised major pieces leave Black's forces passive, a decisive dynamic edge with material level. Conversion is technical — keep the initiative, preserve the dominant pieces, and open a second front. Black is strategically lost."
"4","Robert James Fischer","Bent Larsen","Portoroz Interzonal","1958.08.16","Black","e5","2r3k1/2r1ppb1/3p2P1/pq5p/1p1BP3/1B3P2/PPPQ4/1K1R4 b - - 0 23","144","clear advantage for White","280","136","Kg8 → -0.30; Kb1 → +0.30; e7 → +0.20; e4 → +0.20; f7 → -0.10; g6 → +0.10; Bd4 → +0.10; f3 → -0.10","This is a sharp fight. Black actually has a bit more material, but White is better because White has dangerous advanced pawns — one all the way on e7 — and a strong attack. White's plan is to push those pawns and go after the black king. Black will probably have to give some material back.","White is clearly better (about +1.4) even though Black is up two points of material: full compensation comes from the far-advanced e7- and g6-pawns plus the initiative, with White's king safe on b1. White should keep the attack rolling and use the advanced pawns as threats. Black must return material to blunt the attack and reach a defensible ending.","Despite a two-point deficit, White is clearly better (~+1.4): the e7- and g6-passers, the initiative, and a secure king on b1 more than offset the investment. This is a dynamics-for-material trade where tempo is everything — White must keep generating concrete threats before Black consolidates and the extra material tells. Black's best defensive resource is a timely return of material to reach an endgame where the piece matters."
"5","Robert James Fischer","Bent Larsen","Portoroz Interzonal","1958.08.16","Black","Rf6","2r2k2/5rb1/3P4/pq2p2p/1p6/1B2BP2/PPPQ4/1K1R4 b - - 0 27","485","White is winning","614","129","d6 → +0.30; Kb1 → +0.30; e5 → -0.20; Kf8 → -0.10; f3 → -0.10; Be3 → +0.10; Bb3 → +0.10; c2 → +0.10","White is winning here. Black has a tiny material edge, but White has a strong pawn on d6 that Black can't easily stop, plus a powerful attack. White should keep pushing forward and threatening the black king.","White is winning (about +4.9) despite being nominally a pawn down: the protected d6-passer and the attack on the black king are decisive, and White's king is safely on b1. White should keep piling on pressure and advance the passed pawn at the right moment. Black has no adequate defence.","White is winning (~+4.9): the d6 passed pawn and a sustained initiative against the king vastly outweigh Black's token extra pawn. With the king safe on b1 there is no counter-attacking risk; White converts by tying Black down with the passer and opening the king. Black's material is meaningless with the pieces this passive."
"6","Robert James Fischer","Bent Larsen","Portoroz Interzonal","1958.08.16","Black","Qb7","2r2k2/6b1/3P1r2/pq2p1Bp/1p6/1B3P2/PPPQ4/1K1R4 b - - 2 28","634","White is winning","964","330","d6 → +0.30; Kb1 → +0.30; e5 → -0.20; Kf8 → -0.10; f3 → -0.10; Bb3 → +0.10; c2 → +0.10; b2 → +0.10","White is clearly winning. Even though Black has a little more material, White's far-advanced pawn on d6 and strong attack matter much more. White should keep attacking and push the pawn forward.","White is winning (about +6.3): the d6-passer and the attack dominate, and Black's slight material edge is irrelevant. White should keep improving the attacking pieces and advance the passed pawn at the right moment. Black is essentially defenceless.","White is winning (~+6.3): the d6 passer and a decisive initiative render Black's nominal material parity meaningless. With the king safe on b1, White combines the passer's threats with pressure on the enemy king to convert. Black has only the choice of how to lose."
"7","Robert James Fischer","Bent Larsen","Portoroz Interzonal","1958.08.16","Black","Bxf6","2r2k2/1q4b1/3P1B2/p3p2p/1p6/1B3P2/PPPQ4/1K1R4 b - - 0 29","1052","White is winning","99989","98937","d6 → +0.30; Kb1 → +0.30; e5 → -0.20; Kf8 → -0.10; f3 → -0.10; Bb3 → +0.10; c2 → +0.10; b2 → +0.10","White is totally winning — ahead by a whole piece with a crushing attack, and the position is essentially decided. Black's king is caught with no defence. White just needs to finish the attack cleanly.","White is completely winning (about +10.5): a clear extra piece plus a decisive attack around Black's king, with the d6-passer as a bonus. The position is essentially over and White converts by pressing the attack home. Black has nothing.","White is winning by force (~+10.5): up a piece with a mating attack and a d6 passer, this is effectively resignable — deep analysis already shows a forced mate. Practically, White only needs to keep the attack precise. There is no defensive resource for Black."
"8","Herman Pilnik","Robert James Fischer","Mar del Plata","1959.04.03","White","d6","r5k1/2R2p1p/6p1/3Pp3/6P1/P2b1B2/1r5P/5R1K w - - 3 34","-111","clear advantage for Black","-234","-123","Kh1 → -0.50; Kg8 → +0.30; d5 → +0.25; e5 → -0.20; f7 → -0.10; Rc7 → +0.10; Bf3 → +0.10; Bd3 → -0.10","Black is clearly better in this endgame. Black's rook and bishop are very active and well-coordinated, while White's king is stuck uselessly in the corner. Black should keep the pieces active and press; White's one hope is the pawn on d5 that could run toward promotion.","Black holds a clear advantage (about -1.1) in the endgame: the rook on the second rank (b2) and the bishop on d3 are excellent, and White's king is boxed in on h1. White's d5-passer gives some counterplay but isn't enough. Black should keep the pieces active, target White's weaknesses, and keep the d-pawn under control.","Black is clearly better (~-1.1): superior activity — a rook on the second rank and a strong d3-bishop — dominates while White's king is a passive spectator on h1. White's d5 passer is the only counterplay and must be blockaded or eliminated. Black converts by maximising activity and improving the king while restraining the passer."
"9","Robert James Fischer","Hector Decio Rossetto","Mar del Plata","1959.04.05","Black","Nb8","3r1rk1/3n3p/pp1p2p1/3Ppp2/BPP5/R4P2/P5PP/2R3K1 b - - 1 24","21","roughly equal","139","118","Kg8 → +0.30; Kg1 → -0.30; d5 → +0.25; e5 → -0.20; Ba4 → -0.10; f3 → -0.10; g2 → +0.10; Rd8 → -0.05","The position is roughly equal. White has a pawn on d5 that could push toward becoming a queen, but Black's pieces are active enough to balance it. Both sides have chances, so careful play is needed.","The position is about level (roughly +0.2): White's d5-passer is a long-term asset, but Black's active pieces provide enough counterplay to hold the balance. Both sides should improve their pieces — White to make the passer count, Black to blockade it. Objectively it's equal.","The evaluation is essentially balanced (~+0.2): White's d5 passed pawn is offset by Black's active piece play, so neither side has more than a nominal pull. The strategic battle is over the passer — advance and support versus blockade and counterplay. Small inaccuracies will decide, but the position is equal."
"10","Robert James Fischer","Hector Decio Rossetto","Mar del Plata","1959.04.05","White","h3","2r2n2/1RP3k1/6pp/p3pp2/P7/1B3P2/6PP/6K1 w - - 0 35","433","White is winning","330","-103","c7 → +0.50; Nf8 → +0.30; Kg7 → +0.30; Kg1 → -0.30; e5 → -0.20; Rb7 → +0.10; f3 → -0.10; Bb3 → +0.10","White is winning this endgame. White has a pawn on c7 that is one step from becoming a queen, backed up by a rook, and Black's pieces are tied down stopping it. White should keep pressing and the pawn will eventually decide.","White is winning (about +4.3): the far-advanced c7-pawn, supported by the rook on b7, ties Black's rook and knight to passive defence. White should improve the king and pick the moment to break through with the passer. Black has no active plan.","White is winning (~+4.3): the c7 passer supported by the b7-rook freezes Black's rook and knight in blockading roles. White converts by activating the king and creating a second threat to overload the defence. Black's pieces have no productive squares."
"11","Robert James Fischer","Hector Decio Rossetto","Mar del Plata","1959.04.05","Black","g5","2r2n2/1RP3k1/6pp/p3pp2/P7/1B3P1P/6P1/6K1 b - - 0 35","330","White is winning","439","109","c7 → +0.50; Nf8 → +0.30; Kg7 → +0.30; Kg1 → -0.30; e5 → -0.20; Rb7 → +0.10; f3 → -0.10; Bb3 → +0.10","White is winning. The pawn on c7 is one step from becoming a queen and is helped by a rook, while Black is tied down stopping it. White should keep improving and break through.","White is winning (about +3.3): the c7-passer and the active rook dominate, tying Black to the blockade. White should bring the king up and open a second front. Black is passive with no counterplay.","White is winning (~+3.3): the c7 passer and rook activity weld Black's pieces to blockade duty. The method is king activation plus a second threat to overload the defence. Black has no counterplay."
"12","Robert James Fischer","Hector Decio Rossetto","Mar del Plata","1959.04.05","White","g4","2r2n2/1RP3k1/7p/p3ppp1/P7/1B3P1P/6P1/6K1 w - - 0 36","439","White is winning","323","-116","c7 → +0.50; Nf8 → +0.30; Kg7 → +0.30; Kg1 → -0.30; e5 → -0.20; Rb7 → +0.10; f3 → -0.10; Bb3 → +0.10","White is winning. The strong pawn on c7, one step from becoming a queen and supported by a rook, decides the game while Black's pieces are stuck defending. White should keep pressing.","White is winning (about +4.4): the c7-passer plus the active rook dominate and tie Black down. White brings up the king and opens a second front to convert. Black is reduced to passive defence.","White is winning (~+4.4): a supported c7 passer and superior activity immobilise Black. Conversion is standard — activate the king, create a second weakness, overload the blockade. Black lacks counterplay."
"13","Ratmir Kholmov","Mikhail Tal","?","1949.??.??","White","gxf3","4k2r/Rb3p2/2p1p2p/1q6/2p5/2P2r2/2Q2PPP/5RK1 w k - 0 20","-96","clear advantage for Black","-99995","-99899","Kg1 → +0.30; f7 → -0.10; c6 → +0.10; c4 → -0.10; c3 → -0.10; g2 → +0.10; f2 → +0.10; Bb7 → -0.05","Black is better here, mainly because Black has more material. But the position is sharp: Black's king is stuck in the middle, so there are dangers. It's White's move, and White must be careful not to grab material greedily, because that can backfire badly.","Black is better (about -1.0): a clear material lead, but White has genuine compensation because Black's king is stuck on e8 in the centre. It's White to move, and White should keep making threats against that king rather than cashing in — a greedy capture here can run into a decisive counterattack. If Black gets the king safe, the extra material tells.","Black is better (~-1.0): a material edge partly offset by White's activity against the uncastled e8-king. The position is concrete and double-edged — White (to move) must generate threats rather than grab material, since the greedy capture on f3 actually walks into a forced mating attack. Once Black neutralises the initiative and tucks the king away, the material decides."
"14","Mikhail Tal","Leonov","Riga","1949.??.??","White","Rf4","r1b2qk1/1p2rppn/p3pR1p/3pP2Q/3P4/2PBN2P/PP4P1/R5K1 w - - 6 20","428","White is winning","231","-197","Nh7 → +0.40; Kg8 → -0.30; Kg1 → +0.30; e5 → +0.25; d5 → -0.20; d4 → +0.20; Ne3 → +0.15; Qf8 → +0.10","White is winning. White has launched a strong attack against the black king, with the knight and queen pressing in close, while material is equal. White should keep attacking and bring everything toward the king.","White is winning (about +4.3): with equal material, White has a powerful kingside attack spearheaded by the knight on h7 and the queen on h5. White should keep adding attackers and open lines to the king. Black is tied to defence with no counterplay.","White is winning (~+4.3) on a decisive kingside initiative: the h7-knight and h5-queen, supported by the e5-pawn, generate concrete mating pressure with material level. White keeps pieces on and brings the last reserves to the attack, avoiding trades that don't advance it. Black's defensive resources fall short."
"15","Mikhail Tal","Leonov","Riga","1949.??.??","Black","Be8","r4qk1/1p1brppn/p3p2p/3pP2Q/3P1RN1/2PB3P/PP4P1/R5K1 b - - 9 21","240","large advantage for White","406","166","Nh7 → +0.40; Kg8 → -0.30; Kg1 → +0.30; e5 → +0.25; d5 → -0.20; d4 → +0.20; Qf8 → +0.10; g7 → -0.10","White has a large advantage. White's pieces are aimed at the black king and material is equal, so White is much more dangerous. White should keep building the attack while Black defends.","White is clearly better (about +2.4): equal material, but White's kingside attack — led by the knight on h7 and the queen — gives strong pressure. White should reinforce the attack and pry open the king; Black needs to trade pieces to blunt the initiative.","White holds a large advantage (~+2.4) driven by the kingside build-up (knight on h7, active queen) rather than material. The plan is to bring more force to bear and open the king; Black must seek exchanges to defuse the initiative. White keeps the tension and avoids premature simplification."
"16","Mikhail Tal","Leonov","Riga","1949.??.??","Black","Kxg7","r3bqk1/1pr2pP1/p3p2p/3p3Q/3P1R2/2PB3P/PP4P1/R5K1 b - - 0 24","595","White is winning","711","116","g7 → +0.50; Kg8 → -0.30; Kg1 → +0.30; d5 → -0.20; d4 → +0.20; Qf8 → +0.10; Be8 → +0.10; f7 → -0.10","White is winning. White has a dangerous pawn on g7, one step from becoming a queen, plus an attack on the black king, and White is a pawn up as well. White should keep pressing on both fronts.","White is winning (about +6): up a pawn with a strong g7-passer and an attack on the king. White combines the promotion threat with kingside pressure to break through. Black is overloaded and lost.","White is winning (~+6): an extra pawn, the advanced g7-passer, and an attack on the king combine decisively. Conversion comes from mixing the promotion threat with direct pressure to overload the defence. Black has no counterplay."
"17","Mikhail Tal","Shlomo Giterman","Leningrad","1951.??.??","White","Bxg7+","5B1k/6bp/p3B1p1/6K1/5PP1/8/P3b2P/8 w - - 9 36","287","large advantage for White","108","-179","Kh8 → +0.50; Bf8 → -0.10; Be6 → +0.10; Kg5 → -0.10; h7 → -0.05; Bg7 → -0.05; g6 → +0.05; a6 → -0.05","White has a large advantage in this endgame. White is a pawn up with a very active king and strong bishops, while Black is passive. White should push forward and use the active pieces.","White is clearly better (about +2.9) in the bishop endgame: an extra pawn plus a very active king on g5 and well-placed bishops. White should advance in the centre and kingside, using the king's activity to make progress. Black must stay passive and try to build a blockade.","White is clearly better (~+2.9): up a pawn with a dominant king on g5 and active bishops. The winning plan is to use the king and bishops to open a second front and advance the majority; Black's setup is passive and stretched. Precise technique should convert."
"18","Mikhail Tal","Shlomo Giterman","Leningrad","1951.??.??","Black","a4+","8/8/2b5/p3kPp1/6P1/PK6/4B3/8 b - - 33 60","7","roughly equal","123","116","Ke5 → -0.40; Bc6 → -0.10; f5 → +0.10; Kb3 → -0.10; a3 → +0.05; g5 → +0.00; a5 → +0.00; g4 → +0.00","The endgame is roughly equal. White has an extra pawn, but Black's king is very active in the centre, which makes up for it. Both sides have chances, so careful play is needed.","The position is about level (roughly +0.1): White's extra pawn is balanced by Black's very active, centralised king. Both sides push their trumps — White the extra pawn, Black the king's activity. With accurate play it should be a draw.","The evaluation is balanced (~+0.1): White's extra pawn is neutralised by Black's centralised e5-king, an ideal endgame piece. The struggle is material versus activity; with precise play the result should be a draw. Fine king-and-pawn nuances will decide any winning try."
"19","Mikhail Tal","Shlomo Giterman","Leningrad","1951.??.??","Black","Kf6","8/8/2b5/4kPp1/pK4P1/P7/4B3/8 b - - 1 61","177","large advantage for White","437","260","Ke5 → -0.40; Bc6 → -0.10; f5 → +0.10; Kb4 → -0.10; a4 → -0.05; a3 → +0.05; g5 → +0.00; g4 → +0.00","White has a large advantage in this endgame. White's advanced pawns are dangerous and the king helps push them, which outweighs Black's active king. White should keep advancing the pawns.","White is clearly better (about +1.8) in the endgame: the advanced f-pawn, supported by the king, is more dangerous than Black's active king. White should push the passers with king support; Black must blockade and seek counterplay with king and bishop.","White is clearly better (~+1.8): the passed f-pawn under king escort outweighs Black's centralised king. The winning idea is to advance the passer with support and stretch Black's defenders; Black's practical chance is to blockade and activate the bishop against the pawns. Careful technique required, but White is on top."
"20","Vladimir Sergeevich Saigin","Mikhail Tal","Match for USSR Master title","1954.??.??","White","Qc6","6k1/2qnrp1p/bn1p2p1/1Q1P4/r1p1P3/1pP1B2P/3NBPP1/R4RK1 w - - 5 32","67","slight edge for White","-58","-125","Kg8 → -0.30; Kg1 → +0.30; d5 → +0.25; e4 → +0.20; f7 → -0.10; Ba6 → +0.10; c4 → -0.10; Be3 → +0.10","White is slightly better here. Material is equal and the position is complicated, with chances for both sides. White should develop the pieces to good squares and keep the queen safe.","White has a slight edge (about +0.7): level material and a complex middlegame, with a small pull from White's central space. White should coordinate the pieces and note that the queen on b5 is a touch exposed. Black has active resources and the game is close.","White holds a slight edge (~+0.7): a modest central and space pull in a rich middlegame, nothing decisive. White should consolidate the loose queen on b5 and improve coordination before pressing; Black has enough activity to keep the balance. Accurate handling matters more than the small number."
"21","Vladimir Sergeevich Saigin","Mikhail Tal","Match for USSR Master title","1954.??.??","White","Bd4","6k1/4rp1p/2Pp2p1/8/n1N1P3/1pn1B2P/5PP1/R5K1 w - - 2 38","86","slight edge for White","-52","-138","Kg8 → +0.30; Na4 → +0.30; Kg1 → -0.30; c6 → +0.20; e4 → +0.20; Nc4 → +0.15; f7 → -0.10; Be3 → +0.10","White is slightly better in this endgame. White has an advanced pawn on c6 and active knights, giving a small edge, but Black is holding. White should support the advanced pawn and keep the pieces active.","White has a slight edge (about +0.9) in the endgame: the advanced c6-pawn and active knights give a small pull. White should support the passer and improve the pieces; Black must blockade and generate counterplay. Close, but slightly easier for White.","White holds a slight edge (~+0.9): the advanced c6 passer and active knights provide a small structural pull. White presses by supporting the passer and improving coordination; Black blockades and targets White's loose pawns. Objectively near-balanced, with White marginally more comfortable."
"22","Mikhail Tal","Janis Visockis","URS-chT Juniors","1954.08.??","White","Nd5","r1n1b1k1/p1q3bp/2pn1r2/2B1p1p1/4Pp2/1NNQ1P2/PP2B1PP/1K1R3R w - - 6 21","168","large advantage for White","-21","-189","Kg8 → -0.30; Nc8 → +0.30; Kb1 → +0.30; e5 → -0.20; e4 → +0.20; Nd6 → -0.15; Be8 → +0.10; c6 → +0.10","White is clearly better. With equal material, White's pieces are much more active — one knight has jumped deep into Black's position — and White controls the centre. White should keep the pieces active and increase the pressure.","White is clearly better (about +1.7): equal material, but far superior activity — a knight has infiltrated to c8 and White dominates the centre. White should keep the initiative and open lines; Black must untangle and challenge the active pieces.","White is clearly better (~+1.7): a marked activity and central-space imbalance, highlighted by the knight's infiltration to c8, with material level. White preserves the initiative and converts activity into concrete threats; sharp continuations that keep Black tied down suit the position. Black's defensive task is difficult."
"23","Mikhail Tal","Janis Visockis","URS-chT Juniors","1954.08.??","Black","Bxa8","Q1n3k1/2q2nbp/1pb2r2/4p1p1/4Pp2/1N3P2/PP2B1PP/1KR4R b - - 1 25","-82","slight edge for Black","57","139","Kg8 → -0.30; Nc8 → +0.30; Kb1 → +0.30; Qa8 → -0.20; e5 → -0.20; e4 → +0.20; Bc6 → -0.10; f4 → -0.10","Black is a little better. White's queen has wandered off to the corner on a8 and looks awkward, which gives Black the edge. The position is tricky, so Black should develop and keep the pieces coordinated rather than rush.","Black is slightly better (about -0.8): White's queen is offside on a8 and looks vulnerable, giving Black a pull. Still, it's sharp — Black should improve the pieces and keep control rather than grab greedily, since there are tactical tricks. A small but real edge for Black.","Black holds a slight edge (~-0.8): White's queen is misplaced on a8 and the coordination favours Black. The position is concrete, though — the tempting capture to win the queen is double-edged and shouldn't be played automatically, as it can rebound; Black does better to keep improving and leave the offside queen as White's problem."
"24","Mikhail Tal","Janis Visockis","URS-chT Juniors","1954.08.??","White","axb5","b4b2/2R2n1p/5k2/1p2p1p1/P3Pp2/5P2/1P1N2PP/1K6 w - - 0 34","405","White is winning","296","-109","Kb1 → -0.30; Ba8 → +0.20; Kf6 → -0.20; e5 → -0.20; e4 → +0.20; Bf8 → +0.10; Rc7 → +0.10; f4 → -0.10","White is winning this endgame. White has the two bishops, a rook deep on the 7th rank, and a dangerous pawn on b6 pushing toward promotion, while Black is passive. White should push the pawn and use the active pieces.","White is winning (about +4): the bishop pair, a rook on the seventh (c7), and the passed b6-pawn dominate. White should advance the passer and use the active pieces to create threats. Black is passive and stretched too thin.","White is winning (~+4): bishop pair, a rook on the seventh, and a passed b6-pawn combine for a decisive bind. Conversion is to push the passer while the active pieces open a second front, overloading the defence. Black has no counterplay."
"25","Mikhail Tal","Janis Visockis","URS-chT Juniors","1954.08.??","Black","Ne6","8/7p/RP3k2/2b1p1n1/2N1Pp2/8/1P5P/1K6 b - - 2 40","547","White is winning","852","305","Kb1 → -0.30; Kf6 → -0.20; e5 → -0.20; e4 → +0.20; Nc4 → +0.15; b6 → +0.10; Bc5 → -0.10; f4 → -0.10","White is winning. White is ahead by about a piece in material and has a dangerous pawn on b6 pushing to promote. White should push that pawn and trade pieces to simplify toward the win.","White is winning (about +5.5): up a piece worth of material with a passed b6-pawn in the endgame. White should advance the passer and simplify into a won ending. Black has no counterplay.","White is winning (~+5.5): a clear extra piece plus a passed b6-pawn in the endgame. The technique is to advance the passer and trade down to a trivially won position while avoiding tricks. Black is lost."
